"project_id","organization_id","project"
"proj0001","OrgA","Proj 0001"
"proj0002","OrgE","Proj 0002"
"proj0003","OrgD","Proj 0003"
"proj0004","OrgA","Proj 0004"
"proj0005","OrgD","Proj 0005"
"proj0006","OrgA","Proj 0006"
"proj0007","OrgB","Proj 0007"
"proj0008","OrgC","Proj 0008"
"proj0009","OrgA","Proj 0009"
"proj0010","OrgE","Proj 0010"
"proj0011","OrgA","Proj 0011"
"proj0012","OrgE","Proj 0012"
"proj0013","OrgC","Proj 0013"
"proj0014","OrgE","Proj 0014"
"proj0015","OrgE","Proj 0015"
"proj0016","OrgA","Proj 0016"
"proj0017","OrgC","Proj 0017"
"proj0018","OrgE","Proj 0018"
"proj0019","OrgA","Proj 0019"
"proj0020","OrgC","Proj 0020"
"proj0021","OrgC","Proj 0021"
"proj0022","OrgA","Proj 0022"
"proj0023","OrgA","Proj 0023"
"proj0024","OrgB","Proj 0024"
"proj0025","OrgC","Proj 0025"
"proj0026","OrgC","Proj 0026"
"proj0027","OrgC","Proj 0027"
"proj0028","OrgB","Proj 0028"
"proj0029","OrgD","Proj 0029"
"proj0030","OrgC","Proj 0030"
"proj0031","OrgC","Proj 0031"
"proj0032","OrgE","Proj 0032"
"proj0033","OrgA","Proj 0033"
"proj0034","OrgA","Proj 0034"
"proj0035","OrgD","Proj 0035"
"proj0036","OrgA","Proj 0036"
"proj0037","OrgE","Proj 0037"
"proj0038","OrgD","Proj 0038"
"proj0039","OrgD","Proj 0039"
"proj0040","OrgB","Proj 0040"
"proj0041","OrgE","Proj 0041"
"proj0042","OrgC","Proj 0042"
"proj0043","OrgB","Proj 0043"
"proj0044","OrgB","Proj 0044"
"proj0045","OrgD","Proj 0045"
"proj0046","OrgA","Proj 0046"
"proj0047","OrgE","Proj 0047"
"proj0048","OrgC","Proj 0048"
"proj0049","OrgD","Proj 0049"
"proj0050","OrgD","Proj 0050"
"proj0051","OrgB","Proj 0051"
"proj0052","OrgD","Proj 0052"
"proj0053","OrgC","Proj 0053"
"proj0054","OrgE","Proj 0054"
"proj0055","OrgC","Proj 0055"
"proj0056","OrgD","Proj 0056"
"proj0057","OrgE","Proj 0057"
"proj0058","OrgA","Proj 0058"
"proj0059","OrgB","Proj 0059"
"proj0060","OrgB","Proj 0060"
"proj0061","OrgC","Proj 0061"
"proj0062","OrgC","Proj 0062"
"proj0063","OrgA","Proj 0063"
"proj0064","OrgB","Proj 0064"
"proj0065","OrgE","Proj 0065"
"proj0066","OrgC","Proj 0066"
"proj0067","OrgD","Proj 0067"
"proj0068","OrgB","Proj 0068"
"proj0069","OrgE","Proj 0069"
"proj0070","OrgA","Proj 0070"
"proj0071","OrgE","Proj 0071"
"proj0072","OrgE","Proj 0072"
"proj0073","OrgB","Proj 0073"
"proj0074","OrgD","Proj 0074"
"proj0075","OrgB","Proj 0075"
"proj0076","OrgA","Proj 0076"
"proj0077","OrgC","Proj 0077"
"proj0078","OrgC","Proj 0078"
"proj0079","OrgE","Proj 0079"
"proj0080","OrgC","Proj 0080"
"proj0081","OrgE","Proj 0081"
"proj0082","OrgB","Proj 0082"
"proj0083","OrgB","Proj 0083"
"proj0084","OrgE","Proj 0084"
"proj0085","OrgC","Proj 0085"
"proj0086","OrgD","Proj 0086"
"proj0087","OrgC","Proj 0087"
"proj0088","OrgB","Proj 0088"
"proj0089","OrgD","Proj 0089"
"proj0090","OrgB","Proj 0090"
"proj0091","OrgE","Proj 0091"
"proj0092","OrgC","Proj 0092"
"proj0093","OrgE","Proj 0093"
"proj0094","OrgA","Proj 0094"
"proj0095","OrgA","Proj 0095"
"proj0096","OrgD","Proj 0096"
"proj0097","OrgA","Proj 0097"
"proj0098","OrgA","Proj 0098"
"proj0099","OrgE","Proj 0099"
"proj0100","OrgE","Proj 0100"
"proj0101","OrgC","Proj 0101"
"proj0102","OrgC","Proj 0102"
"proj0103","OrgE","Proj 0103"
"proj0104","OrgB","Proj 0104"
"proj0105","OrgE","Proj 0105"
"proj0106","OrgC","Proj 0106"
"proj0107","OrgD","Proj 0107"
"proj0108","OrgB","Proj 0108"
"proj0109","OrgA","Proj 0109"
"proj0110","OrgD","Proj 0110"
"proj0111","OrgB","Proj 0111"
"proj0112","OrgE","Proj 0112"
"proj0113","OrgE","Proj 0113"
"proj0114","OrgC","Proj 0114"
"proj0115","OrgD","Proj 0115"
"proj0116","OrgB","Proj 0116"
"proj0117","OrgA","Proj 0117"
"proj0118","OrgB","Proj 0118"
"proj0119","OrgD","Proj 0119"
"proj0120","OrgE","Proj 0120"
"proj0121","OrgA","Proj 0121"
"proj0122","OrgD","Proj 0122"
"proj0123","OrgE","Proj 0123"
"proj0124","OrgD","Proj 0124"
"proj0125","OrgD","Proj 0125"
"proj0126","OrgD","Proj 0126"
"proj0127","OrgC","Proj 0127"
"proj0128","OrgE","Proj 0128"
"proj0129","OrgD","Proj 0129"
"proj0130","OrgB","Proj 0130"
"proj0131","OrgC","Proj 0131"
"proj0132","OrgB","Proj 0132"
"proj0133","OrgA","Proj 0133"
"proj0134","OrgA","Proj 0134"
"proj0135","OrgB","Proj 0135"
"proj0136","OrgC","Proj 0136"
"proj0137","OrgB","Proj 0137"
"proj0138","OrgC","Proj 0138"
"proj0139","OrgB","Proj 0139"
"proj0140","OrgC","Proj 0140"
"proj0141","OrgB","Proj 0141"
"proj0142","OrgE","Proj 0142"
"proj0143","OrgB","Proj 0143"
"proj0144","OrgB","Proj 0144"
"proj0145","OrgE","Proj 0145"
"proj0146","OrgB","Proj 0146"
"proj0147","OrgB","Proj 0147"
"proj0148","OrgB","Proj 0148"
"proj0149","OrgB","Proj 0149"
"proj0150","OrgD","Proj 0150"
"proj0151","OrgE","Proj 0151"
"proj0152","OrgB","Proj 0152"
"proj0153","OrgB","Proj 0153"
"proj0154","OrgC","Proj 0154"
"proj0155","OrgC","Proj 0155"
"proj0156","OrgB","Proj 0156"
"proj0157","OrgE","Proj 0157"
"proj0158","OrgD","Proj 0158"
"proj0159","OrgB","Proj 0159"
"proj0160","OrgC","Proj 0160"
"proj0161","OrgA","Proj 0161"
"proj0162","OrgB","Proj 0162"
"proj0163","OrgC","Proj 0163"
"proj0164","OrgA","Proj 0164"
"proj0165","OrgA","Proj 0165"
"proj0166","OrgD","Proj 0166"
"proj0167","OrgB","Proj 0167"
"proj0168","OrgE","Proj 0168"
"proj0169","OrgC","Proj 0169"
"proj0170","OrgB","Proj 0170"
"proj0171","OrgE","Proj 0171"
"proj0172","OrgA","Proj 0172"
"proj0173","OrgC","Proj 0173"
"proj0174","OrgE","Proj 0174"
"proj0175","OrgD","Proj 0175"
"proj0176","OrgC","Proj 0176"
"proj0177","OrgE","Proj 0177"
"proj0178","OrgA","Proj 0178"
"proj0179","OrgB","Proj 0179"
"proj0180","OrgA","Proj 0180"
"proj0181","OrgA","Proj 0181"
"proj0182","OrgA","Proj 0182"
"proj0183","OrgB","Proj 0183"
"proj0184","OrgB","Proj 0184"
"proj0185","OrgC","Proj 0185"
"proj0186","OrgC","Proj 0186"
"proj0187","OrgD","Proj 0187"
"proj0188","OrgB","Proj 0188"
"proj0189","OrgD","Proj 0189"
"proj0190","OrgD","Proj 0190"
"proj0191","OrgA","Proj 0191"
"proj0192","OrgE","Proj 0192"
"proj0193","OrgB","Proj 0193"
"proj0194","OrgC","Proj 0194"
"proj0195","OrgE","Proj 0195"
"proj0196","OrgC","Proj 0196"
"proj0197","OrgA","Proj 0197"
"proj0198","OrgA","Proj 0198"
"proj0199","OrgC","Proj 0199"
"proj0200","OrgB","Proj 0200"
"proj0201","OrgD","Proj 0201"
"proj0202","OrgA","Proj 0202"
"proj0203","OrgE","Proj 0203"
"proj0204","OrgC","Proj 0204"
"proj0205","OrgE","Proj 0205"
"proj0206","OrgD","Proj 0206"
"proj0207","OrgC","Proj 0207"
"proj0208","OrgD","Proj 0208"
"proj0209","OrgC","Proj 0209"
"proj0210","OrgA","Proj 0210"
"proj0211","OrgB","Proj 0211"
"proj0212","OrgE","Proj 0212"
"proj0213","OrgE","Proj 0213"
"proj0214","OrgC","Proj 0214"
"proj0215","OrgE","Proj 0215"
"proj0216","OrgE","Proj 0216"
"proj0217","OrgD","Proj 0217"
"proj0218","OrgB","Proj 0218"
"proj0219","OrgC","Proj 0219"
"proj0220","OrgD","Proj 0220"
"proj0221","OrgA","Proj 0221"
"proj0222","OrgC","Proj 0222"
"proj0223","OrgC","Proj 0223"
"proj0224","OrgD","Proj 0224"
"proj0225","OrgB","Proj 0225"
"proj0226","OrgB","Proj 0226"
"proj0227","OrgA","Proj 0227"
"proj0228","OrgC","Proj 0228"
"proj0229","OrgD","Proj 0229"
"proj0230","OrgC","Proj 0230"
"proj0231","OrgA","Proj 0231"
"proj0232","OrgA","Proj 0232"
"proj0233","OrgE","Proj 0233"
"proj0234","OrgD","Proj 0234"
"proj0235","OrgB","Proj 0235"
"proj0236","OrgD","Proj 0236"
"proj0237","OrgD","Proj 0237"
"proj0238","OrgD","Proj 0238"
"proj0239","OrgB","Proj 0239"
"proj0240","OrgC","Proj 0240"
"proj0241","OrgD","Proj 0241"
"proj0242","OrgD","Proj 0242"
"proj0243","OrgB","Proj 0243"
"proj0244","OrgA","Proj 0244"
"proj0245","OrgA","Proj 0245"
"proj0246","OrgB","Proj 0246"
"proj0247","OrgE","Proj 0247"
"proj0248","OrgA","Proj 0248"
"proj0249","OrgE","Proj 0249"
"proj0250","OrgE","Proj 0250"
"proj0251","OrgB","Proj 0251"
"proj0252","OrgD","Proj 0252"
"proj0253","OrgC","Proj 0253"
"proj0254","OrgA","Proj 0254"
"proj0255","OrgB","Proj 0255"
"proj0256","OrgE","Proj 0256"
"proj0257","OrgA","Proj 0257"
"proj0258","OrgB","Proj 0258"
"proj0259","OrgD","Proj 0259"
"proj0260","OrgA","Proj 0260"
"proj0261","OrgC","Proj 0261"
"proj0262","OrgE","Proj 0262"
"proj0263","OrgD","Proj 0263"
"proj0264","OrgB","Proj 0264"
"proj0265","OrgB","Proj 0265"
"proj0266","OrgA","Proj 0266"
"proj0267","OrgA","Proj 0267"
"proj0268","OrgA","Proj 0268"
"proj0269","OrgA","Proj 0269"
"proj0270","OrgE","Proj 0270"
"proj0271","OrgE","Proj 0271"
"proj0272","OrgB","Proj 0272"
"proj0273","OrgA","Proj 0273"
"proj0274","OrgC","Proj 0274"
"proj0275","OrgB","Proj 0275"
"proj0276","OrgD","Proj 0276"
"proj0277","OrgA","Proj 0277"
"proj0278","OrgD","Proj 0278"
"proj0279","OrgD","Proj 0279"
"proj0280","OrgC","Proj 0280"
"proj0281","OrgD","Proj 0281"
"proj0282","OrgB","Proj 0282"
"proj0283","OrgB","Proj 0283"
"proj0284","OrgC","Proj 0284"
"proj0285","OrgB","Proj 0285"
"proj0286","OrgB","Proj 0286"
"proj0287","OrgD","Proj 0287"
"proj0288","OrgB","Proj 0288"
"proj0289","OrgE","Proj 0289"
"proj0290","OrgC","Proj 0290"
"proj0291","OrgB","Proj 0291"
"proj0292","OrgC","Proj 0292"
"proj0293","OrgC","Proj 0293"
"proj0294","OrgB","Proj 0294"
"proj0295","OrgA","Proj 0295"
"proj0296","OrgC","Proj 0296"
"proj0297","OrgC","Proj 0297"
"proj0298","OrgE","Proj 0298"
"proj0299","OrgD","Proj 0299"
"proj0300","OrgA","Proj 0300"
"proj0301","OrgE","Proj 0301"
"proj0302","OrgC","Proj 0302"
"proj0303","OrgC","Proj 0303"
"proj0304","OrgC","Proj 0304"
"proj0305","OrgE","Proj 0305"
"proj0306","OrgB","Proj 0306"
"proj0307","OrgC","Proj 0307"
"proj0308","OrgD","Proj 0308"
"proj0309","OrgB","Proj 0309"
"proj0310","OrgB","Proj 0310"
"proj0311","OrgD","Proj 0311"
"proj0312","OrgB","Proj 0312"
"proj0313","OrgA","Proj 0313"
"proj0314","OrgC","Proj 0314"
"proj0315","OrgD","Proj 0315"
"proj0316","OrgD","Proj 0316"
"proj0317","OrgA","Proj 0317"
"proj0318","OrgE","Proj 0318"
"proj0319","OrgE","Proj 0319"
"proj0320","OrgD","Proj 0320"
"proj0321","OrgA","Proj 0321"
"proj0322","OrgB","Proj 0322"
"proj0323","OrgD","Proj 0323"
"proj0324","OrgD","Proj 0324"
"proj0325","OrgB","Proj 0325"
"proj0326","OrgC","Proj 0326"
"proj0327","OrgB","Proj 0327"
"proj0328","OrgD","Proj 0328"
"proj0329","OrgD","Proj 0329"
"proj0330","OrgD","Proj 0330"
"proj0331","OrgE","Proj 0331"
"proj0332","OrgA","Proj 0332"
"proj0333","OrgA","Proj 0333"
"proj0334","OrgA","Proj 0334"
"proj0335","OrgA","Proj 0335"
"proj0336","OrgE","Proj 0336"
"proj0337","OrgA","Proj 0337"
"proj0338","OrgD","Proj 0338"
"proj0339","OrgE","Proj 0339"
"proj0340","OrgB","Proj 0340"
"proj0341","OrgE","Proj 0341"
"proj0342","OrgD","Proj 0342"
"proj0343","OrgB","Proj 0343"
"proj0344","OrgD","Proj 0344"
"proj0345","OrgC","Proj 0345"
"proj0346","OrgA","Proj 0346"
"proj0347","OrgB","Proj 0347"
"proj0348","OrgA","Proj 0348"
"proj0349","OrgD","Proj 0349"
"proj0350","OrgD","Proj 0350"
"proj0351","OrgD","Proj 0351"
"proj0352","OrgC","Proj 0352"
"proj0353","OrgA","Proj 0353"
"proj0354","OrgB","Proj 0354"
"proj0355","OrgA","Proj 0355"
"proj0356","OrgD","Proj 0356"
"proj0357","OrgE","Proj 0357"
"proj0358","OrgD","Proj 0358"
"proj0359","OrgA","Proj 0359"
"proj0360","OrgA","Proj 0360"
"proj0361","OrgB","Proj 0361"
"proj0362","OrgC","Proj 0362"
"proj0363","OrgA","Proj 0363"
"proj0364","OrgC","Proj 0364"
"proj0365","OrgA","Proj 0365"
"proj0366","OrgC","Proj 0366"
"proj0367","OrgD","Proj 0367"
"proj0368","OrgC","Proj 0368"
"proj0369","OrgA","Proj 0369"
"proj0370","OrgD","Proj 0370"
"proj0371","OrgC","Proj 0371"
"proj0372","OrgD","Proj 0372"
"proj0373","OrgE","Proj 0373"
"proj0374","OrgA","Proj 0374"
"proj0375","OrgB","Proj 0375"
"proj0376","OrgE","Proj 0376"
"proj0377","OrgD","Proj 0377"
"proj0378","OrgC","Proj 0378"
"proj0379","OrgB","Proj 0379"
"proj0380","OrgE","Proj 0380"
"proj0381","OrgE","Proj 0381"
"proj0382","OrgB","Proj 0382"
"proj0383","OrgB","Proj 0383"
"proj0384","OrgB","Proj 0384"
"proj0385","OrgA","Proj 0385"
"proj0386","OrgE","Proj 0386"
"proj0387","OrgE","Proj 0387"
"proj0388","OrgB","Proj 0388"
"proj0389","OrgE","Proj 0389"
"proj0390","OrgB","Proj 0390"
"proj0391","OrgD","Proj 0391"
"proj0392","OrgC","Proj 0392"
"proj0393","OrgE","Proj 0393"
"proj0394","OrgA","Proj 0394"
"proj0395","OrgC","Proj 0395"
"proj0396","OrgC","Proj 0396"
"proj0397","OrgB","Proj 0397"
"proj0398","OrgC","Proj 0398"
"proj0399","OrgD","Proj 0399"
"proj0400","OrgB","Proj 0400"
"proj0401","OrgE","Proj 0401"
"proj0402","OrgA","Proj 0402"
"proj0403","OrgC","Proj 0403"
"proj0404","OrgB","Proj 0404"
"proj0405","OrgD","Proj 0405"
"proj0406","OrgC","Proj 0406"
"proj0407","OrgA","Proj 0407"
"proj0408","OrgD","Proj 0408"
"proj0409","OrgB","Proj 0409"
"proj0410","OrgB","Proj 0410"
"proj0411","OrgE","Proj 0411"
"proj0412","OrgC","Proj 0412"
"proj0413","OrgD","Proj 0413"
"proj0414","OrgB","Proj 0414"
"proj0415","OrgB","Proj 0415"
"proj0416","OrgD","Proj 0416"
"proj0417","OrgE","Proj 0417"
"proj0418","OrgA","Proj 0418"
"proj0419","OrgC","Proj 0419"
"proj0420","OrgB","Proj 0420"
"proj0421","OrgA","Proj 0421"
"proj0422","OrgB","Proj 0422"
"proj0423","OrgD","Proj 0423"
"proj0424","OrgE","Proj 0424"
"proj0425","OrgB","Proj 0425"
"proj0426","OrgE","Proj 0426"
"proj0427","OrgC","Proj 0427"
"proj0428","OrgD","Proj 0428"
"proj0429","OrgE","Proj 0429"
"proj0430","OrgD","Proj 0430"
"proj0431","OrgB","Proj 0431"
"proj0432","OrgC","Proj 0432"
"proj0433","OrgE","Proj 0433"
"proj0434","OrgA","Proj 0434"
"proj0435","OrgD","Proj 0435"
"proj0436","OrgD","Proj 0436"
"proj0437","OrgC","Proj 0437"
"proj0438","OrgD","Proj 0438"
"proj0439","OrgC","Proj 0439"
"proj0440","OrgA","Proj 0440"
"proj0441","OrgE","Proj 0441"
"proj0442","OrgC","Proj 0442"
"proj0443","OrgE","Proj 0443"
"proj0444","OrgC","Proj 0444"
"proj0445","OrgC","Proj 0445"
"proj0446","OrgE","Proj 0446"
"proj0447","OrgC","Proj 0447"
"proj0448","OrgB","Proj 0448"
"proj0449","OrgC","Proj 0449"
"proj0450","OrgD","Proj 0450"
"proj0451","OrgB","Proj 0451"
"proj0452","OrgD","Proj 0452"
"proj0453","OrgA","Proj 0453"
"proj0454","OrgC","Proj 0454"
"proj0455","OrgD","Proj 0455"
"proj0456","OrgC","Proj 0456"
"proj0457","OrgB","Proj 0457"
"proj0458","OrgC","Proj 0458"
"proj0459","OrgC","Proj 0459"
"proj0460","OrgD","Proj 0460"
"proj0461","OrgB","Proj 0461"
"proj0462","OrgC","Proj 0462"
"proj0463","OrgD","Proj 0463"
"proj0464","OrgE","Proj 0464"
"proj0465","OrgC","Proj 0465"
"proj0466","OrgD","Proj 0466"
"proj0467","OrgB","Proj 0467"
"proj0468","OrgC","Proj 0468"
"proj0469","OrgC","Proj 0469"
"proj0470","OrgD","Proj 0470"
"proj0471","OrgB","Proj 0471"
"proj0472","OrgD","Proj 0472"
"proj0473","OrgC","Proj 0473"
"proj0474","OrgB","Proj 0474"
"proj0475","OrgC","Proj 0475"
"proj0476","OrgD","Proj 0476"
"proj0477","OrgB","Proj 0477"
"proj0478","OrgD","Proj 0478"
"proj0479","OrgE","Proj 0479"
"proj0480","OrgB","Proj 0480"
"proj0481","OrgE","Proj 0481"
"proj0482","OrgD","Proj 0482"
"proj0483","OrgB","Proj 0483"
"proj0484","OrgA","Proj 0484"
"proj0485","OrgB","Proj 0485"
"proj0486","OrgB","Proj 0486"
"proj0487","OrgC","Proj 0487"
"proj0488","OrgA","Proj 0488"
"proj0489","OrgC","Proj 0489"
"proj0490","OrgA","Proj 0490"
"proj0491","OrgA","Proj 0491"
"proj0492","OrgA","Proj 0492"
"proj0493","OrgA","Proj 0493"
"proj0494","OrgC","Proj 0494"
"proj0495","OrgB","Proj 0495"
"proj0496","OrgA","Proj 0496"
"proj0497","OrgC","Proj 0497"
"proj0498","OrgB","Proj 0498"
"proj0499","OrgE","Proj 0499"
"proj0500","OrgB","Proj 0500"
"proj0501","OrgE","Proj 0501"
"proj0502","OrgA","Proj 0502"
"proj0503","OrgA","Proj 0503"
"proj0504","OrgD","Proj 0504"
"proj0505","OrgC","Proj 0505"
"proj0506","OrgC","Proj 0506"
"proj0507","OrgA","Proj 0507"
"proj0508","OrgB","Proj 0508"
"proj0509","OrgC","Proj 0509"
"proj0510","OrgE","Proj 0510"
"proj0511","OrgA","Proj 0511"
"proj0512","OrgE","Proj 0512"
"proj0513","OrgD","Proj 0513"
"proj0514","OrgA","Proj 0514"
"proj0515","OrgB","Proj 0515"
"proj0516","OrgD","Proj 0516"
"proj0517","OrgD","Proj 0517"
"proj0518","OrgB","Proj 0518"
"proj0519","OrgC","Proj 0519"
"proj0520","OrgC","Proj 0520"
"proj0521","OrgB","Proj 0521"
"proj0522","OrgA","Proj 0522"
"proj0523","OrgA","Proj 0523"
"proj0524","OrgB","Proj 0524"
"proj0525","OrgC","Proj 0525"
"proj0526","OrgC","Proj 0526"
"proj0527","OrgA","Proj 0527"
"proj0528","OrgC","Proj 0528"
"proj0529","OrgB","Proj 0529"
"proj0530","OrgB","Proj 0530"
"proj0531","OrgC","Proj 0531"
"proj0532","OrgE","Proj 0532"
"proj0533","OrgE","Proj 0533"
"proj0534","OrgE","Proj 0534"
"proj0535","OrgA","Proj 0535"
"proj0536","OrgA","Proj 0536"
"proj0537","OrgE","Proj 0537"
"proj0538","OrgB","Proj 0538"
"proj0539","OrgE","Proj 0539"
"proj0540","OrgA","Proj 0540"
"proj0541","OrgB","Proj 0541"
"proj0542","OrgE","Proj 0542"
"proj0543","OrgB","Proj 0543"
"proj0544","OrgD","Proj 0544"
"proj0545","OrgA","Proj 0545"
"proj0546","OrgC","Proj 0546"
"proj0547","OrgA","Proj 0547"
"proj0548","OrgA","Proj 0548"
"proj0549","OrgE","Proj 0549"
"proj0550","OrgB","Proj 0550"
"proj0551","OrgC","Proj 0551"
"proj0552","OrgB","Proj 0552"
"proj0553","OrgB","Proj 0553"
"proj0554","OrgB","Proj 0554"
"proj0555","OrgB","Proj 0555"
"proj0556","OrgC","Proj 0556"
"proj0557","OrgE","Proj 0557"
"proj0558","OrgE","Proj 0558"
"proj0559","OrgA","Proj 0559"
"proj0560","OrgA","Proj 0560"
"proj0561","OrgB","Proj 0561"
"proj0562","OrgB","Proj 0562"
"proj0563","OrgD","Proj 0563"
"proj0564","OrgE","Proj 0564"
"proj0565","OrgA","Proj 0565"
"proj0566","OrgE","Proj 0566"
"proj0567","OrgA","Proj 0567"
"proj0568","OrgE","Proj 0568"
"proj0569","OrgE","Proj 0569"
"proj0570","OrgD","Proj 0570"
"proj0571","OrgB","Proj 0571"
"proj0572","OrgB","Proj 0572"
"proj0573","OrgE","Proj 0573"
"proj0574","OrgA","Proj 0574"
"proj0575","OrgE","Proj 0575"
"proj0576","OrgE","Proj 0576"
"proj0577","OrgD","Proj 0577"
"proj0578","OrgD","Proj 0578"
"proj0579","OrgE","Proj 0579"
"proj0580","OrgA","Proj 0580"
"proj0581","OrgB","Proj 0581"
"proj0582","OrgE","Proj 0582"
"proj0583","OrgD","Proj 0583"
"proj0584","OrgD","Proj 0584"
"proj0585","OrgD","Proj 0585"
"proj0586","OrgD","Proj 0586"
"proj0587","OrgD","Proj 0587"
"proj0588","OrgE","Proj 0588"
"proj0589","OrgD","Proj 0589"
"proj0590","OrgA","Proj 0590"
"proj0591","OrgA","Proj 0591"
"proj0592","OrgD","Proj 0592"
"proj0593","OrgB","Proj 0593"
"proj0594","OrgB","Proj 0594"
"proj0595","OrgC","Proj 0595"
"proj0596","OrgB","Proj 0596"
"proj0597","OrgB","Proj 0597"
"proj0598","OrgD","Proj 0598"
"proj0599","OrgE","Proj 0599"
"proj0600","OrgC","Proj 0600"
"proj0601","OrgC","Proj 0601"
"proj0602","OrgE","Proj 0602"
"proj0603","OrgE","Proj 0603"
"proj0604","OrgA","Proj 0604"
"proj0605","OrgB","Proj 0605"
"proj0606","OrgC","Proj 0606"
"proj0607","OrgC","Proj 0607"
"proj0608","OrgB","Proj 0608"
"proj0609","OrgA","Proj 0609"
"proj0610","OrgC","Proj 0610"
"proj0611","OrgC","Proj 0611"
"proj0612","OrgD","Proj 0612"
"proj0613","OrgE","Proj 0613"
"proj0614","OrgD","Proj 0614"
"proj0615","OrgA","Proj 0615"
"proj0616","OrgD","Proj 0616"
"proj0617","OrgA","Proj 0617"
"proj0618","OrgD","Proj 0618"
"proj0619","OrgA","Proj 0619"
"proj0620","OrgE","Proj 0620"
"proj0621","OrgA","Proj 0621"
"proj0622","OrgE","Proj 0622"
"proj0623","OrgA","Proj 0623"
"proj0624","OrgE","Proj 0624"
"proj0625","OrgD","Proj 0625"
"proj0626","OrgC","Proj 0626"
"proj0627","OrgB","Proj 0627"
"proj0628","OrgE","Proj 0628"
"proj0629","OrgC","Proj 0629"
"proj0630","OrgC","Proj 0630"
"proj0631","OrgC","Proj 0631"
"proj0632","OrgC","Proj 0632"
"proj0633","OrgA","Proj 0633"
"proj0634","OrgC","Proj 0634"
"proj0635","OrgB","Proj 0635"
"proj0636","OrgA","Proj 0636"
"proj0637","OrgC","Proj 0637"
"proj0638","OrgA","Proj 0638"
"proj0639","OrgC","Proj 0639"
"proj0640","OrgC","Proj 0640"
"proj0641","OrgC","Proj 0641"
"proj0642","OrgD","Proj 0642"
"proj0643","OrgC","Proj 0643"
"proj0644","OrgA","Proj 0644"
"proj0645","OrgC","Proj 0645"
"proj0646","OrgD","Proj 0646"
"proj0647","OrgC","Proj 0647"
"proj0648","OrgD","Proj 0648"
"proj0649","OrgA","Proj 0649"
"proj0650","OrgA","Proj 0650"
"proj0651","OrgC","Proj 0651"
"proj0652","OrgB","Proj 0652"
"proj0653","OrgB","Proj 0653"
"proj0654","OrgA","Proj 0654"
"proj0655","OrgD","Proj 0655"
"proj0656","OrgA","Proj 0656"
"proj0657","OrgD","Proj 0657"
"proj0658","OrgB","Proj 0658"
"proj0659","OrgB","Proj 0659"
"proj0660","OrgB","Proj 0660"
"proj0661","OrgC","Proj 0661"
"proj0662","OrgA","Proj 0662"
"proj0663","OrgB","Proj 0663"
"proj0664","OrgA","Proj 0664"
"proj0665","OrgC","Proj 0665"
"proj0666","OrgE","Proj 0666"
"proj0667","OrgB","Proj 0667"
"proj0668","OrgE","Proj 0668"
"proj0669","OrgB","Proj 0669"
"proj0670","OrgB","Proj 0670"
"proj0671","OrgE","Proj 0671"
"proj0672","OrgD","Proj 0672"
"proj0673","OrgE","Proj 0673"
"proj0674","OrgD","Proj 0674"
"proj0675","OrgE","Proj 0675"
"proj0676","OrgE","Proj 0676"
"proj0677","OrgB","Proj 0677"
"proj0678","OrgA","Proj 0678"
"proj0679","OrgC","Proj 0679"
"proj0680","OrgE","Proj 0680"
"proj0681","OrgA","Proj 0681"
"proj0682","OrgC","Proj 0682"
"proj0683","OrgE","Proj 0683"
"proj0684","OrgB","Proj 0684"
"proj0685","OrgE","Proj 0685"
"proj0686","OrgE","Proj 0686"
"proj0687","OrgB","Proj 0687"
"proj0688","OrgD","Proj 0688"
"proj0689","OrgA","Proj 0689"
"proj0690","OrgC","Proj 0690"
"proj0691","OrgE","Proj 0691"
"proj0692","OrgE","Proj 0692"
"proj0693","OrgA","Proj 0693"
"proj0694","OrgA","Proj 0694"
"proj0695","OrgA","Proj 0695"
"proj0696","OrgD","Proj 0696"
"proj0697","OrgB","Proj 0697"
"proj0698","OrgC","Proj 0698"
"proj0699","OrgB","Proj 0699"
"proj0700","OrgA","Proj 0700"
"proj0701","OrgC","Proj 0701"
"proj0702","OrgA","Proj 0702"
"proj0703","OrgB","Proj 0703"
"proj0704","OrgC","Proj 0704"
"proj0705","OrgA","Proj 0705"
"proj0706","OrgA","Proj 0706"
"proj0707","OrgB","Proj 0707"
"proj0708","OrgD","Proj 0708"
"proj0709","OrgD","Proj 0709"
"proj0710","OrgB","Proj 0710"
"proj0711","OrgE","Proj 0711"
"proj0712","OrgB","Proj 0712"
"proj0713","OrgE","Proj 0713"
"proj0714","OrgB","Proj 0714"
"proj0715","OrgC","Proj 0715"
"proj0716","OrgD","Proj 0716"
"proj0717","OrgC","Proj 0717"
"proj0718","OrgC","Proj 0718"
"proj0719","OrgB","Proj 0719"
"proj0720","OrgC","Proj 0720"
"proj0721","OrgB","Proj 0721"
"proj0722","OrgD","Proj 0722"
"proj0723","OrgD","Proj 0723"
"proj0724","OrgD","Proj 0724"
"proj0725","OrgB","Proj 0725"
"proj0726","OrgE","Proj 0726"
"proj0727","OrgB","Proj 0727"
"proj0728","OrgD","Proj 0728"
"proj0729","OrgA","Proj 0729"
"proj0730","OrgE","Proj 0730"
"proj0731","OrgC","Proj 0731"
"proj0732","OrgA","Proj 0732"
"proj0733","OrgC","Proj 0733"
"proj0734","OrgE","Proj 0734"
"proj0735","OrgC","Proj 0735"
"proj0736","OrgD","Proj 0736"
"proj0737","OrgA","Proj 0737"
"proj0738","OrgA","Proj 0738"
"proj0739","OrgE","Proj 0739"
"proj0740","OrgC","Proj 0740"
"proj0741","OrgA","Proj 0741"
"proj0742","OrgD","Proj 0742"
"proj0743","OrgD","Proj 0743"
"proj0744","OrgB","Proj 0744"
"proj0745","OrgE","Proj 0745"
"proj0746","OrgB","Proj 0746"
"proj0747","OrgD","Proj 0747"
"proj0748","OrgE","Proj 0748"
"proj0749","OrgA","Proj 0749"
"proj0750","OrgB","Proj 0750"
"proj0751","OrgE","Proj 0751"
"proj0752","OrgE","Proj 0752"
"proj0753","OrgB","Proj 0753"
"proj0754","OrgA","Proj 0754"
"proj0755","OrgC","Proj 0755"
"proj0756","OrgC","Proj 0756"
"proj0757","OrgD","Proj 0757"
"proj0758","OrgD","Proj 0758"
"proj0759","OrgE","Proj 0759"
"proj0760","OrgB","Proj 0760"
"proj0761","OrgE","Proj 0761"
"proj0762","OrgD","Proj 0762"
"proj0763","OrgE","Proj 0763"
"proj0764","OrgA","Proj 0764"
"proj0765","OrgC","Proj 0765"
"proj0766","OrgD","Proj 0766"
"proj0767","OrgC","Proj 0767"
"proj0768","OrgB","Proj 0768"
"proj0769","OrgD","Proj 0769"
"proj0770","OrgC","Proj 0770"
"proj0771","OrgB","Proj 0771"
"proj0772","OrgC","Proj 0772"
"proj0773","OrgE","Proj 0773"
"proj0774","OrgD","Proj 0774"
"proj0775","OrgA","Proj 0775"
"proj0776","OrgC","Proj 0776"
"proj0777","OrgC","Proj 0777"
"proj0778","OrgD","Proj 0778"
"proj0779","OrgA","Proj 0779"
"proj0780","OrgD","Proj 0780"
"proj0781","OrgA","Proj 0781"
"proj0782","OrgA","Proj 0782"
"proj0783","OrgC","Proj 0783"
"proj0784","OrgE","Proj 0784"
"proj0785","OrgB","Proj 0785"
"proj0786","OrgB","Proj 0786"
"proj0787","OrgA","Proj 0787"
"proj0788","OrgC","Proj 0788"
"proj0789","OrgD","Proj 0789"
"proj0790","OrgE","Proj 0790"
"proj0791","OrgA","Proj 0791"
"proj0792","OrgB","Proj 0792"
"proj0793","OrgA","Proj 0793"
"proj0794","OrgE","Proj 0794"
"proj0795","OrgE","Proj 0795"
"proj0796","OrgD","Proj 0796"
"proj0797","OrgC","Proj 0797"
"proj0798","OrgA","Proj 0798"
"proj0799","OrgA","Proj 0799"
"proj0800","OrgA","Proj 0800"
"proj0801","OrgB","Proj 0801"
"proj0802","OrgB","Proj 0802"
"proj0803","OrgB","Proj 0803"
"proj0804","OrgA","Proj 0804"
"proj0805","OrgE","Proj 0805"
"proj0806","OrgC","Proj 0806"
"proj0807","OrgD","Proj 0807"
"proj0808","OrgC","Proj 0808"
"proj0809","OrgD","Proj 0809"
"proj0810","OrgB","Proj 0810"
"proj0811","OrgB","Proj 0811"
"proj0812","OrgE","Proj 0812"
"proj0813","OrgA","Proj 0813"
"proj0814","OrgE","Proj 0814"
"proj0815","OrgA","Proj 0815"
"proj0816","OrgC","Proj 0816"
"proj0817","OrgB","Proj 0817"
"proj0818","OrgC","Proj 0818"
"proj0819","OrgB","Proj 0819"
"proj0820","OrgB","Proj 0820"
"proj0821","OrgB","Proj 0821"
"proj0822","OrgB","Proj 0822"
"proj0823","OrgC","Proj 0823"
"proj0824","OrgD","Proj 0824"
"proj0825","OrgB","Proj 0825"
"proj0826","OrgE","Proj 0826"
"proj0827","OrgB","Proj 0827"
"proj0828","OrgE","Proj 0828"
"proj0829","OrgA","Proj 0829"
"proj0830","OrgA","Proj 0830"
"proj0831","OrgB","Proj 0831"
"proj0832","OrgB","Proj 0832"
"proj0833","OrgD","Proj 0833"
"proj0834","OrgC","Proj 0834"
"proj0835","OrgE","Proj 0835"
"proj0836","OrgA","Proj 0836"
"proj0837","OrgD","Proj 0837"
"proj0838","OrgE","Proj 0838"
"proj0839","OrgC","Proj 0839"
"proj0840","OrgD","Proj 0840"
"proj0841","OrgA","Proj 0841"
"proj0842","OrgA","Proj 0842"
"proj0843","OrgC","Proj 0843"
"proj0844","OrgE","Proj 0844"
"proj0845","OrgA","Proj 0845"
"proj0846","OrgD","Proj 0846"
"proj0847","OrgD","Proj 0847"
"proj0848","OrgC","Proj 0848"
"proj0849","OrgC","Proj 0849"
"proj0850","OrgE","Proj 0850"
"proj0851","OrgD","Proj 0851"
"proj0852","OrgB","Proj 0852"
"proj0853","OrgD","Proj 0853"
"proj0854","OrgD","Proj 0854"
"proj0855","OrgC","Proj 0855"
"proj0856","OrgB","Proj 0856"
"proj0857","OrgD","Proj 0857"
"proj0858","OrgB","Proj 0858"
"proj0859","OrgE","Proj 0859"
"proj0860","OrgC","Proj 0860"
"proj0861","OrgB","Proj 0861"
"proj0862","OrgB","Proj 0862"
"proj0863","OrgE","Proj 0863"
"proj0864","OrgC","Proj 0864"
"proj0865","OrgA","Proj 0865"
"proj0866","OrgE","Proj 0866"
"proj0867","OrgB","Proj 0867"
"proj0868","OrgD","Proj 0868"
"proj0869","OrgC","Proj 0869"
"proj0870","OrgE","Proj 0870"
"proj0871","OrgC","Proj 0871"
"proj0872","OrgE","Proj 0872"
"proj0873","OrgA","Proj 0873"
"proj0874","OrgE","Proj 0874"
"proj0875","OrgD","Proj 0875"
"proj0876","OrgA","Proj 0876"
"proj0877","OrgE","Proj 0877"
"proj0878","OrgD","Proj 0878"
"proj0879","OrgE","Proj 0879"
"proj0880","OrgE","Proj 0880"
"proj0881","OrgE","Proj 0881"
"proj0882","OrgE","Proj 0882"
"proj0883","OrgE","Proj 0883"
"proj0884","OrgC","Proj 0884"
"proj0885","OrgD","Proj 0885"
"proj0886","OrgB","Proj 0886"
"proj0887","OrgD","Proj 0887"
"proj0888","OrgA","Proj 0888"
"proj0889","OrgC","Proj 0889"
"proj0890","OrgD","Proj 0890"
"proj0891","OrgE","Proj 0891"
"proj0892","OrgC","Proj 0892"
"proj0893","OrgD","Proj 0893"
"proj0894","OrgE","Proj 0894"
"proj0895","OrgD","Proj 0895"
"proj0896","OrgA","Proj 0896"
"proj0897","OrgD","Proj 0897"
"proj0898","OrgA","Proj 0898"
"proj0899","OrgA","Proj 0899"
"proj0900","OrgD","Proj 0900"
"proj0901","OrgB","Proj 0901"
"proj0902","OrgA","Proj 0902"
"proj0903","OrgD","Proj 0903"
"proj0904","OrgB","Proj 0904"
"proj0905","OrgB","Proj 0905"
"proj0906","OrgD","Proj 0906"
"proj0907","OrgD","Proj 0907"
"proj0908","OrgD","Proj 0908"
"proj0909","OrgC","Proj 0909"
"proj0910","OrgD","Proj 0910"
"proj0911","OrgE","Proj 0911"
"proj0912","OrgA","Proj 0912"
"proj0913","OrgA","Proj 0913"
"proj0914","OrgE","Proj 0914"
"proj0915","OrgC","Proj 0915"
"proj0916","OrgC","Proj 0916"
"proj0917","OrgB","Proj 0917"
"proj0918","OrgB","Proj 0918"
"proj0919","OrgC","Proj 0919"
"proj0920","OrgD","Proj 0920"
"proj0921","OrgB","Proj 0921"
"proj0922","OrgE","Proj 0922"
"proj0923","OrgB","Proj 0923"
"proj0924","OrgC","Proj 0924"
"proj0925","OrgB","Proj 0925"
"proj0926","OrgA","Proj 0926"
"proj0927","OrgB","Proj 0927"
"proj0928","OrgB","Proj 0928"
"proj0929","OrgE","Proj 0929"
"proj0930","OrgD","Proj 0930"
"proj0931","OrgC","Proj 0931"
"proj0932","OrgD","Proj 0932"
"proj0933","OrgE","Proj 0933"
"proj0934","OrgE","Proj 0934"
"proj0935","OrgD","Proj 0935"
"proj0936","OrgA","Proj 0936"
"proj0937","OrgD","Proj 0937"
"proj0938","OrgB","Proj 0938"
"proj0939","OrgA","Proj 0939"
"proj0940","OrgE","Proj 0940"
"proj0941","OrgC","Proj 0941"
"proj0942","OrgA","Proj 0942"
"proj0943","OrgD","Proj 0943"
"proj0944","OrgA","Proj 0944"
"proj0945","OrgD","Proj 0945"
"proj0946","OrgA","Proj 0946"
"proj0947","OrgE","Proj 0947"
"proj0948","OrgA","Proj 0948"
"proj0949","OrgB","Proj 0949"
"proj0950","OrgE","Proj 0950"
"proj0951","OrgC","Proj 0951"
"proj0952","OrgA","Proj 0952"
"proj0953","OrgA","Proj 0953"
"proj0954","OrgE","Proj 0954"
"proj0955","OrgA","Proj 0955"
"proj0956","OrgB","Proj 0956"
"proj0957","OrgA","Proj 0957"
"proj0958","OrgE","Proj 0958"
"proj0959","OrgD","Proj 0959"
"proj0960","OrgB","Proj 0960"
"proj0961","OrgE","Proj 0961"
"proj0962","OrgC","Proj 0962"
"proj0963","OrgC","Proj 0963"
"proj0964","OrgE","Proj 0964"
"proj0965","OrgE","Proj 0965"
"proj0966","OrgB","Proj 0966"
"proj0967","OrgC","Proj 0967"
"proj0968","OrgB","Proj 0968"
"proj0969","OrgC","Proj 0969"
"proj0970","OrgC","Proj 0970"
"proj0971","OrgA","Proj 0971"
"proj0972","OrgB","Proj 0972"
"proj0973","OrgE","Proj 0973"
"proj0974","OrgA","Proj 0974"
"proj0975","OrgC","Proj 0975"
"proj0976","OrgC","Proj 0976"
"proj0977","OrgC","Proj 0977"
"proj0978","OrgD","Proj 0978"
"proj0979","OrgC","Proj 0979"
"proj0980","OrgB","Proj 0980"
"proj0981","OrgC","Proj 0981"
"proj0982","OrgC","Proj 0982"
"proj0983","OrgD","Proj 0983"
"proj0984","OrgA","Proj 0984"
"proj0985","OrgA","Proj 0985"
"proj0986","OrgB","Proj 0986"
"proj0987","OrgD","Proj 0987"
"proj0988","OrgC","Proj 0988"
"proj0989","OrgC","Proj 0989"
"proj0990","OrgA","Proj 0990"
"proj0991","OrgA","Proj 0991"
"proj0992","OrgE","Proj 0992"
"proj0993","OrgC","Proj 0993"
"proj0994","OrgD","Proj 0994"
"proj0995","OrgE","Proj 0995"
"proj0996","OrgE","Proj 0996"
"proj0997","OrgC","Proj 0997"
"proj0998","OrgC","Proj 0998"
"proj0999","OrgE","Proj 0999"
"proj1000","OrgA","Proj 1000"
